name,artist,energy,valence,danceability,acousticness,humor,estilo_musical,bebida_favorita,intensidade_bebida,momento_consumo
1999,Prince,0.73,0.625,0.866,0.1369999999999999,animado,rock,gin tonica,forte,festa
23,Blonde Redhead,0.8320000000000001,0.166,0.381,0.0189,estressado,rock,cerveja,forte,jantar
9 Crimes,Damien Rice,0.139,0.116,0.346,0.913,relaxado,acustico,whisky,leve,em casa
99 Luftballons,Nena,0.438,0.5870000000000001,0.466,0.089,relaxado,indie,whisky,media,jantar
A Boy Brushed Red Living In Black And White,Underoath,0.932,0.445,0.419,0.00171,estressado,rock,cerveja,forte,jantar
A Burden to Bear,Emmanuelle Rimbaud,0.0475,0.172,0.394,0.995,relaxado,acustico,whisky,leve,em casa
A La Plage,Ron Adelaar,0.0584,0.5529999999999999,0.504,0.994,relaxado,acustico,whisky,leve,em casa
A Little Less Conversation - JXL Radio Edit Remix,Elvis Presley,0.935,0.58,0.586,0.000155,relaxado,rock,whisky,forte,com amigos
A Place for My Head,Linkin Park,0.908,0.457,0.603,0.0144,animado,rock,drink tropical,forte,com amigos
ATTACK,Thirty Seconds To Mars,0.8759999999999999,0.299,0.331,0.00344,estressado,rock,cerveja,forte,jantar
Adagio For Strings,Lucas & Steve,0.7929999999999999,0.0398,0.349,0.000877,estressado,rock,cerveja,forte,jantar
Adjustments,Josie Mehlin,0.541,0.329,0.532,0.974,relaxado,acustico,whisky,media,com amigos
Adrift,Cooper Sams,0.333,0.0486,0.382,0.4970000000000001,triste,indie,whisky,leve,em casa
Afraid of Heights,Billy Talent,0.991,0.7659999999999999,0.5429999999999999,0.000168,feliz,rock,espumante,forte,com amigos
Africa,TOTO,0.373,0.732,0.6709999999999999,0.257,relaxado,pop,vinho,leve,em casa
After The Rain,Comet Blue,0.0337,0.3,0.456,0.993,relaxado,acustico,whisky,leve,em casa
Afterlife,Avenged Sevenfold,0.95,0.391,0.4920000000000001,0.000444,estressado,rock,cerveja,forte,jantar
Algo Rhythm,One Sentence. Supervisor,0.75,0.58,0.402,1.19e-05,relaxado,rock,whisky,forte,jantar
Alison,Slowdive,0.423,0.291,0.279,0.00957,triste,indie,whisky,media,jantar
Alive,Paris Blohm,0.847,0.148,0.494,0.00248,estressado,rock,cerveja,forte,jantar
All I Want,Kodaline,0.4270000000000001,0.158,0.189,0.113,triste,indie,whisky,media,jantar
All Mirrors,Angel Olsen,0.6890000000000001,0.23,0.429,0.00299,relaxado,indie,whisky,media,jantar
All These Things I Hate (Revolve Around Me),Bullet For My Valentine,0.879,0.483,0.488,0.0303,estressado,rock,cerveja,forte,jantar
All in the Suit That You Wear,Stone Temple Pilots,0.982,0.583,0.429,1.94e-05,relaxado,rock,whisky,forte,jantar
All of Me,John Legend,0.264,0.331,0.422,0.922,relaxado,acustico,whisky,leve,em casa
All or Nothing (feat. Axel Ehnström) - Deluxe Mix,Lost Frequencies,0.816,0.5329999999999999,0.737,0.226,animado,eletronica,drink tropical,forte,festa
Always,Saliva,0.906,0.371,0.363,0.0122,estressado,rock,cerveja,forte,jantar
Ambre,Nils Frahm,0.0576,0.359,0.391,0.992,relaxado,acustico,whisky,leve,em casa
Anaviosi,Alexi Musnitsky,0.0121,0.118,0.391,0.995,relaxado,acustico,whisky,leve,em casa
Anchor,Novo Amor,0.356,0.111,0.486,0.755,relaxado,acustico,whisky,leve,em casa
Andromeda,Weyes Blood,0.462,0.189,0.463,0.3670000000000001,triste,indie,whisky,media,jantar
Angel's Song,Arlo Parks,0.195,0.315,0.693,0.894,relaxado,acustico,whisky,leve,em casa
Angry Chair,Alice In Chains,0.973,0.118,0.313,0.0642,estressado,rock,cerveja,forte,jantar
Anthem,EDX,0.86,0.249,0.664,0.00152,animado,rock,drink tropical,forte,com amigos
Anthem of Our Dying Day,Story Of The Year,0.8,0.357,0.388,0.0211,estressado,rock,cerveja,forte,jantar
Are You Gonna Be My Girl,Jet,0.953,0.537,0.613,0.00148,animado,rock,drink tropical,forte,com amigos
As I Sleep (feat. Charlee),Tobtok,0.8240000000000001,0.202,0.6940000000000001,0.0195,animado,rock,drink tropical,forte,com amigos
Ashes to Ashes,Warpaint,0.871,0.8,0.696,0.186,feliz,rock,cerveja,forte,com amigos
Atlavík,Hugar,0.147,0.238,0.535,0.867,relaxado,acustico,whisky,leve,em casa
Auburn Sky,Toledo Rains,0.035,0.0651,0.265,0.906,relaxado,acustico,whisky,leve,em casa
Awaken,William Duhamel,0.0943,0.109,0.346,0.929,relaxado,acustico,whisky,leve,em casa
Away From Me,Puddle Of Mudd,0.93,0.195,0.396,0.00061,estressado,rock,cerveja,forte,jantar
Back Where I Belong (feat. Avicii),Otto Knows,0.865,0.595,0.4970000000000001,0.0306,relaxado,rock,whisky,forte,jantar
Back+,Ton Snijders,0.0197,0.113,0.383,0.993,relaxado,acustico,whisky,leve,em casa
Bad Feeling,Muzz,0.352,0.275,0.512,0.351,triste,indie,whisky,leve,em casa
Bad Kingdom,May,0.199,0.0744,0.401,0.934,relaxado,acustico,whisky,leve,em casa
Bad Timing,Arlo Day,0.289,0.225,0.471,0.6890000000000001,relaxado,indie,whisky,leve,em casa
Ballad of the Dying Man,Father John Misty,0.443,0.265,0.399,0.848,triste,acustico,whisky,media,jantar
Balloon,YuMe,0.00518,0.0381,0.408,0.987,relaxado,acustico,whisky,leve,em casa
Bat Country,Avenged Sevenfold,0.968,0.505,0.541,0.000248,relaxado,rock,whisky,forte,com amigos
Bayybe 07,Bilo 503,0.384,0.0912,0.44,0.8270000000000001,relaxado,acustico,whisky,leve,em casa
Be My Mistake,The 1975,0.155,0.0949,0.5720000000000001,0.835,relaxado,acustico,whisky,leve,em casa
Beautiful Life,Lost Frequencies,0.52,0.339,0.732,0.127,relaxado,pop,whisky,media,com amigos
Beautiful Night,Burden Brothers,0.892,0.599,0.531,0.000508,relaxado,rock,whisky,forte,com amigos
Beekweide,Job Roggeveen,0.11,0.173,0.321,0.984,relaxado,acustico,whisky,leve,em casa
Before You Go,Lewis Capaldi,0.575,0.183,0.459,0.604,relaxado,indie,whisky,media,jantar
Bennie And The Jets - Remastered 2014,Elton John,0.6679999999999999,0.765,0.6659999999999999,0.251,feliz,pop,cerveja,media,com amigos
Better Than Today,Rhys Lewis,0.234,0.408,0.387,0.736,relaxado,acustico,whisky,leve,em casa
Better Together,Jack Johnson,0.347,0.659,0.868,0.308,relaxado,pop,vinho,leve,em casa
Betty,Wilson Trouvé,0.185,0.264,0.171,0.89,relaxado,acustico,whisky,leve,em casa
Billinghurst,Jeremy Olander,0.701,0.168,0.769,0.0305,animado,rock,gin tonica,forte,festa
Bird,Billie Marten,0.187,0.118,0.235,0.988,relaxado,acustico,whisky,leve,em casa
Bison on the Plains,Grandaddy,0.522,0.0973,0.476,0.285,relaxado,indie,whisky,media,jantar
Black Car,Beach House,0.5489999999999999,0.32,0.407,0.344,relaxado,indie,whisky,media,jantar
Blackout,(Hed) P.E.,0.8640000000000001,0.5,0.5479999999999999,0.00016,relaxado,rock,whisky,forte,com amigos
Blame,Manse,0.68,0.346,0.612,0.619,relaxado,pop,whisky,media,com amigos
Blaster,Marc Benjamin,0.857,0.301,0.667,0.0326,animado,rock,drink tropical,forte,com amigos
Bleed American,Jimmy Eat World,0.938,0.584,0.438,0.00842,relaxado,rock,whisky,forte,jantar
Bloodbuzz Ohio,SOAK,0.268,0.057,0.441,0.715,relaxado,acustico,whisky,leve,em casa
Bloom,Hilder Sky,0.129,0.253,0.249,0.945,relaxado,acustico,whisky,leve,em casa
Bloom Innocent,Fink,0.236,0.283,0.519,0.931,relaxado,acustico,whisky,leve,em casa
Blow,Yves V,0.902,0.135,0.603,0.0186,animado,rock,drink tropical,forte,com amigos
Body Rock,Bingo Players,0.944,0.551,0.627,0.00919,animado,rock,drink tropical,forte,com amigos
Boiler,Limp Bizkit,0.722,0.1669999999999999,0.443,0.00393,estressado,rock,cerveja,forte,jantar
Bortom Träden,Erik Reno,0.0586,0.111,0.446,0.8009999999999999,relaxado,acustico,whisky,leve,em casa
Bottom Of The Sea,Isaac Elton,0.66,0.425,0.775,0.0068099999999999,relaxado,pop,whisky,media,com amigos
Bottom of a Bottle,Smile Empty Soul,0.847,0.459,0.537,0.00236,estressado,rock,cerveja,forte,com amigos
Bouquet with Lilies,La Acacia,0.345,0.113,0.621,0.716,relaxado,acustico,whisky,leve,em casa
Break Stuff,Limp Bizkit,0.877,0.6629999999999999,0.45,0.0108,feliz,rock,espumante,forte,jantar
Breathe,Hans Voller,0.037,0.103,0.612,0.99,relaxado,acustico,whisky,leve,em casa
Breathe Me,Sia,0.643,0.212,0.552,0.0364,relaxado,indie,whisky,media,com amigos
Brimful of Asha - Norman Cook Remix,Fatboy Slim,0.957,0.937,0.6629999999999999,0.18,feliz,rock,cerveja,forte,com amigos
Bruises,Lewis Capaldi,0.308,0.361,0.736,0.946,relaxado,acustico,whisky,leve,em casa
Butterfly,Crazy Town,0.8109999999999999,0.609,0.736,0.00132,animado,eletronica,drink tropical,forte,festa
Bye Bye Little House,Ella van der Woude,0.0313,0.182,0.31,0.985,relaxado,acustico,whisky,leve,em casa
California Dreamin',The Mamas & The Papas,0.667,0.597,0.5539999999999999,0.628,nostalgico,indie,vinho,media,com amigos
Calm Wilderness,Night Sounds,0.271,0.0684,0.186,0.8859999999999999,relaxado,acustico,whisky,leve,em casa
Car Underwater,Armor For Sleep,0.774,0.448,0.435,0.014,estressado,rock,cerveja,forte,jantar
Chariot,Beach House,0.426,0.0902,0.374,0.6629999999999999,triste,indie,whisky,media,jantar
Children Of Today,Blasterjaxx,0.836,0.333,0.507,0.00892,estressado,rock,cerveja,forte,com amigos
Chocolate,The 1975,0.938,0.607,0.614,0.000532,animado,rock,drink tropical,forte,com amigos
Chop Suey!,System Of A Down,0.934,0.286,0.419,0.000278,estressado,rock,cerveja,forte,jantar
City Lights,Marlies du Mosch,0.0582,0.0514,0.341,0.983,relaxado,acustico,whisky,leve,em casa
Clap Your Hands,Sia,0.87,0.778,0.6990000000000001,0.000532,feliz,rock,cerveja,forte,com amigos
Cleansing,Jacco Wynia,0.0754,0.0366,0.18,0.956,relaxado,acustico,whisky,leve,em casa
Clear Skies,Dhyana Thomas,0.136,0.0505,0.421,0.94,relaxado,acustico,whisky,leve,em casa
Click Click Boom,Saliva,0.935,0.51,0.607,0.00259,animado,rock,drink tropical,forte,com amigos
Coda,Jakob Ahlbom,0.24,0.0968,0.351,0.93,relaxado,acustico,whisky,leve,em casa
Cold Arms,Mumford & Sons,0.144,0.0491,0.431,0.815,relaxado,acustico,whisky,leve,em casa
Cold Nights,Camo Columbo,0.421,0.787,0.941,0.321,relaxado,pop,vinho,media,jantar
Cold as Stone (feat. Charlotte Lawrence) - Lipless Remix,Kaskade,0.6629999999999999,0.142,0.619,0.237,relaxado,pop,whisky,media,com amigos
Colgando,Barulinho,0.39,0.133,0.5670000000000001,0.948,relaxado,acustico,whisky,leve,em casa
Collapse Into Light,Evin Iris,0.229,0.0562,0.305,0.933,relaxado,acustico,whisky,leve,em casa
Come On Eileen,Dexys Midnight Runners,0.615,0.812,0.466,0.413,feliz,indie,espumante,media,jantar
Come Out And Play (Keep ‘Em Separated),The Offspring,0.856,0.847,0.476,0.0535,feliz,rock,espumante,forte,jantar
Coming Home,Zoe Connelly,0.139,0.106,0.198,0.8540000000000001,relaxado,acustico,whisky,leve,em casa
Coming Undone,Korn,0.677,0.551,0.696,0.000855,relaxado,pop,whisky,media,com amigos
Consequences,Camila Cabello,0.292,0.43,0.455,0.889,relaxado,acustico,whisky,leve,em casa
Conversation,Lucy Rose,0.1369999999999999,0.0644,0.242,0.901,relaxado,acustico,whisky,leve,em casa
Count On You - ATFC's C-thru Remix,Autoerotique,0.925,0.5670000000000001,0.825,0.00735,animado,eletronica,drink tropical,forte,festa
Count That - R3HAB Edit,Steff da Campo,0.955,0.447,0.6859999999999999,0.0957,animado,rock,drink tropical,forte,com amigos
Courage,Ian Wong,0.0302,0.237,0.635,0.994,relaxado,acustico,whisky,leve,em casa
Crash,Chris Malinchak,0.456,0.238,0.6890000000000001,0.000455,triste,pop,whisky,media,jantar
Crawling In The Dark,Hoobastank,0.932,0.698,0.5920000000000001,0.000295,feliz,rock,espumante,forte,com amigos
Crazy,Gnarls Barkley,0.5870000000000001,0.64,0.855,0.0505,relaxado,pop,vinho,media,com amigos
Crazy Horses,The Osmonds,0.977,0.731,0.512,0.215,feliz,rock,espumante,forte,com amigos
Creep,Radiohead,0.43,0.104,0.515,0.0102,triste,indie,whisky,media,jantar
Crossing,The Tides,0.189,0.0755,0.542,0.935,relaxado,acustico,whisky,leve,em casa
Crystal Baller - 2006 Remaster,Third Eye Blind,0.695,0.4320000000000001,0.379,0.0142,relaxado,indie,whisky,media,jantar
Crystal Shores,Dean Valio,0.0257,0.144,0.482,0.958,relaxado,acustico,whisky,leve,em casa
Curiosity,Beau Projet,0.256,0.173,0.43,0.985,relaxado,acustico,whisky,leve,em casa
Curious Morning,Michael Orvind,0.231,0.0882,0.391,0.969,relaxado,acustico,whisky,leve,em casa
Cursive,Billie Marten,0.267,0.166,0.494,0.935,relaxado,acustico,whisky,leve,em casa
Daar Gaat Ze,Clouseau,0.4920000000000001,0.6659999999999999,0.639,0.78,relaxado,acustico,vinho,media,jantar
Dance Little Sister,Terence Trent D'Arby,0.696,0.93,0.722,0.161,feliz,pop,cerveja,media,com amigos
Dancing On My Own,Calum Scott,0.174,0.193,0.608,0.851,relaxado,acustico,whisky,leve,em casa
Dancing Through Sunday,AFI,0.98,0.643,0.555,0.00291,relaxado,rock,vinho,forte,com amigos
Dancing With Your Ghost,Sasha Sloan,0.327,0.381,0.629,0.7609999999999999,relaxado,acustico,whisky,leve,em casa
Dancing With an Astronaut,Ellie Rose,0.407,0.17,0.516,0.487,triste,indie,whisky,media,jantar
Dani California,Red Hot Chili Peppers,0.913,0.73,0.556,0.0193,feliz,rock,espumante,forte,com amigos
Dark Side of the Gym,The National,0.475,0.453,0.642,0.726,nostalgico,acustico,vinho,media,jantar
Darkest Hour,Low Roar,0.359,0.348,0.6940000000000001,0.612,relaxado,pop,whisky,leve,em casa
Dawning,Light of Sun,0.471,0.286,0.526,0.64,triste,indie,whisky,media,jantar
Day 5: For Carol,Tom Misch,0.4970000000000001,0.065,0.485,0.765,triste,acustico,whisky,media,jantar
De Fléche,Les Manger Tous,0.333,0.074,0.435,0.6679999999999999,relaxado,indie,whisky,leve,em casa
Dear Diary,Anthony Ramos,0.41,0.37,0.474,0.5870000000000001,relaxado,indie,whisky,media,jantar
Deep Dark Jungle,Nicky Romero,0.97,0.146,0.5870000000000001,0.000405,estressado,rock,cerveja,forte,com amigos
Den inre skogen,Thomas Jackson,0.382,0.0455,0.532,0.924,relaxado,acustico,whisky,leve,em casa
Desire Lines,Lush,0.652,0.0724,0.379,0.000169,relaxado,indie,whisky,media,jantar
Devotion And Desire,Bayside,0.9,0.286,0.296,0.0007019999999999,estressado,rock,cerveja,forte,jantar
Dew Drops,Pieter de Graaf,0.0384,0.0708,0.27,0.939,relaxado,acustico,whisky,leve,em casa
Dive,The Soft Cavalry,0.531,0.0935,0.434,0.0418,relaxado,indie,whisky,media,jantar
Do Bad Well (feat. Nevve),KSHMR,0.894,0.415,0.604,0.0512,animado,rock,drink tropical,forte,com amigos
Do It Again,Steve Aoki,0.95,0.477,0.701,0.119,animado,eletronica,drink tropical,forte,festa
Dolerme,ROSALÍA,0.478,0.318,0.545,0.785,triste,acustico,whisky,media,jantar
Don't Stop,Fleetwood Mac,0.632,0.88,0.6859999999999999,0.0398,feliz,pop,cerveja,media,com amigos
Don't Stop Me Now - 2011 Mix,Queen,0.865,0.601,0.563,0.0472,relaxado,rock,vinho,forte,com amigos
Don't You (Forget About Me) - Remastered,Simple Minds,0.784,0.918,0.602,0.00398,feliz,rock,cerveja,forte,com amigos
Don’t Delete The Kisses,Wolf Alice,0.789,0.348,0.604,0.0011,animado,rock,gin tonica,forte,com amigos
Down On The Corner,Creedence Clearwater Revival,0.544,0.856,0.831,0.594,feliz,pop,cerveja,media,com amigos
Dragula,Rob Zombie,0.963,0.609,0.591,8.740000000000001e-05,relaxado,rock,vinho,forte,com amigos
Dreams Tonite,Alvvays,0.622,0.425,0.511,0.0108,relaxado,indie,whisky,media,com amigos
Drifting,Eroded Sky,0.202,0.0773,0.616,0.71,relaxado,acustico,whisky,leve,em casa
Driver's Seat,Sniff 'n' The Tears,0.804,0.972,0.754,0.0186,feliz,eletronica,cerveja,forte,festa
Duality,Slipknot,0.982,0.194,0.354,0.000237,estressado,rock,cerveja,forte,jantar
Duck And Run,3 Doors Down,0.919,0.848,0.524,0.0149,feliz,rock,espumante,forte,com amigos
Dust On The Ground,Bombay Bicycle Club,0.319,0.273,0.605,0.757,relaxado,acustico,whisky,leve,em casa
EDM Sux,FTampa,0.907,0.238,0.653,0.00775,animado,rock,drink tropical,forte,com amigos
Eagle,Ansatz Der Maschine,0.142,0.121,0.339,0.937,relaxado,acustico,whisky,leve,em casa
Easily,Bruno Major,0.256,0.357,0.772,0.491,cansado,pop,vinho,leve,em casa
Easy Lover,Philip Bailey,0.6990000000000001,0.935,0.7490000000000001,0.0674,feliz,pop,cerveja,media,com amigos
Eden - Hunted Version,Anna Calvi,0.0963,0.0395,0.158,0.965,relaxado,acustico,whisky,leve,em casa
Edge of Seventeen,Stevie Nicks,0.828,0.636,0.59,0.277,relaxado,rock,vinho,forte,com amigos
Eidolon,Monocle Twins,0.24,0.1639999999999999,0.5529999999999999,0.862,relaxado,acustico,whisky,leve,em casa
Electronic Memories (feat. Mickey Kojak),k?d,0.926,0.574,0.602,0.0992,animado,rock,drink tropical,forte,com amigos
Emotions in Motion,Jaakko Eino Kalevi,0.503,0.5579999999999999,0.6509999999999999,0.199,relaxado,pop,whisky,media,com amigos
Empty Street at Night,Golden Sleep,0.0147,0.0667,0.211,0.903,relaxado,acustico,whisky,leve,em casa
Enemy,Sevendust,0.99,0.397,0.5720000000000001,0.000181,estressado,rock,cerveja,forte,com amigos
Escaping Time,Benjamin Martins,0.256,0.191,0.32,0.64,relaxado,indie,whisky,leve,em casa
Essential Attitudes,Peals,0.4970000000000001,0.25,0.444,0.449,triste,indie,whisky,media,jantar
Event Horizon,Airwaves,0.38,0.0558,0.464,0.0665,triste,indie,whisky,leve,em casa
Every Kinda People,Robert Palmer,0.547,0.962,0.631,0.248,feliz,pop,cerveja,media,com amigos
Every Way,Antonio Giacca,0.908,0.759,0.879,0.019,feliz,eletronica,cerveja,forte,festa
Everybody Hurts,R.E.M.,0.476,0.186,0.282,0.568,triste,indie,whisky,media,jantar
Everyday People,Various Artists,0.619,0.774,0.813,0.245,feliz,pop,cerveja,media,com amigos
Expedition,Skytech,0.974,0.353,0.639,0.00288,animado,rock,drink tropical,forte,com amigos
Faces,Scary Kids Scaring Kids,0.967,0.537,0.368,3.44e-05,relaxado,rock,whisky,forte,jantar
Falling,Harry Styles,0.267,0.0592,0.5670000000000001,0.8390000000000001,relaxado,acustico,whisky,leve,em casa
Falling Ashes,Slowdive,0.255,0.134,0.332,0.954,relaxado,acustico,whisky,leve,em casa
Falling Asleep,Tiz McNamara,0.201,0.196,0.537,0.899,relaxado,acustico,whisky,leve,em casa
Falling Away from Me,Korn,0.769,0.17,0.468,0.00014,estressado,rock,cerveja,forte,jantar
Fantasy - R3HAB Remix,Sofie Tukker,0.7509999999999999,0.246,0.7,0.113,animado,rock,gin tonica,forte,com amigos
Fascination,Alphabeat,0.831,0.828,0.491,0.000285,feliz,rock,espumante,forte,jantar
Feeling This,blink-182,0.962,0.622,0.411,0.103,relaxado,rock,vinho,forte,jantar
Feels Like Flying,Elementaries,0.11,0.347,0.416,0.882,relaxado,acustico,whisky,leve,em casa
Feels Like We're Dying,Johnny Goth,0.411,0.125,0.579,0.73,triste,acustico,whisky,media,jantar
Fields After Rain,Martèn LeGrand,0.161,0.357,0.474,0.973,relaxado,acustico,whisky,leve,em casa
Fields Of Blossom,Martèn LeGrand,0.135,0.155,0.42,0.98,relaxado,acustico,whisky,leve,em casa
Fire in Cairo,Luna,0.713,0.816,0.5870000000000001,0.379,feliz,rock,espumante,forte,com amigos
Fix You,Valentin,0.185,0.159,0.5,0.6709999999999999,relaxado,indie,whisky,leve,em casa
Fleur février,Jacco Wynia,0.0517,0.13,0.428,0.985,relaxado,acustico,whisky,leve,em casa
Flex,Fedde Le Grand,0.912,0.5329999999999999,0.609,0.017,animado,rock,drink tropical,forte,com amigos
Floating Sunbeams,Michael Orvind,0.202,0.086,0.205,0.98,relaxado,acustico,whisky,leve,em casa
Flowing,Lucas Delphy,0.138,0.138,0.2,0.8959999999999999,relaxado,acustico,whisky,leve,em casa
Fly - King Britt's Fhloston Paradigm Remix,Low,0.498,0.418,0.614,0.521,relaxado,pop,whisky,media,jantar
Flying by Candlelight (ABGT300) - Above & Beyond Club Mix,Above & Beyond,0.664,0.075,0.532,0.000312,relaxado,indie,whisky,media,com amigos
Focus,Light of Sun,0.161,0.0503,0.273,0.238,triste,indie,whisky,leve,em casa
Follow me,Andre Ehmann,0.109,0.405,0.475,0.995,relaxado,acustico,whisky,leve,em casa
Found,Martin Gauffin,0.397,0.195,0.517,0.901,relaxado,acustico,whisky,leve,em casa
Free,Third Party,0.922,0.246,0.481,0.0238,estressado,rock,cerveja,forte,jantar
Freya,Dave Pad,0.667,0.288,0.64,0.000211,relaxado,pop,whisky,media,com amigos
Friday I'm In Love,The Cure,0.763,0.514,0.526,0.00126,relaxado,rock,whisky,forte,com amigos
From Yesterday,Thirty Seconds To Mars,0.8759999999999999,0.131,0.467,0.00578,estressado,rock,cerveja,forte,jantar
Frozen,Ron Adelaar,0.0246,0.174,0.352,0.986,relaxado,acustico,whisky,leve,em casa
Fête sous les étoiles,Biba Dupont,0.00811,0.0703,0.312,0.994,relaxado,acustico,whisky,leve,em casa
Game Time (feat. Ninja),3LAU,0.957,0.52,0.534,8.05e-05,relaxado,rock,whisky,forte,com amigos
Gasoline,Seether,0.942,0.726,0.478,4.650000000000001e-05,feliz,rock,espumante,forte,jantar
Geno - 2000 Remaster,Dexys Midnight Runners,0.6,0.818,0.481,0.688,feliz,indie,espumante,media,jantar
Get Lucky (feat. Pharrell Williams & Nile Rodgers) - Radio Edit,Daft Punk,0.8109999999999999,0.862,0.794,0.0426,feliz,eletronica,cerveja,forte,festa
Get Up Offa That Thing,James Brown,0.664,0.8,0.883,0.225,feliz,pop,cerveja,media,com amigos
Getting Away With Murder,Papa Roach,0.97,0.349,0.544,0.000115,estressado,rock,cerveja,forte,com amigos
Ghostride,Crumb,0.352,0.45,0.664,0.511,relaxado,pop,whisky,leve,em casa
Glaciers,Lights & Motion,0.16,0.0409,0.0789,0.733,relaxado,acustico,whisky,leve,em casa
Go With The Flow,Queens of the Stone Age,0.992,0.374,0.242,0.0148,estressado,rock,cerveja,forte,jantar
Gone My Way - KhoMha Remix,Morgan Page,0.895,0.0353,0.547,0.00129,estressado,rock,cerveja,forte,com amigos
Good Times,CHIC,0.657,0.893,0.87,0.149,feliz,pop,cerveja,media,com amigos
Good Vibrations - Remastered,The Beach Boys,0.495,0.38,0.403,0.387,relaxado,indie,whisky,media,jantar
Goodbye,Apparat,0.457,0.187,0.484,0.406,triste,indie,whisky,media,jantar
Goshen,Beirut,0.262,0.107,0.284,0.848,relaxado,acustico,whisky,leve,em casa
"Gottes Zeit ist die allerbeste Zeit, BWV 106: 2a. Gottes Zeit, ist die allerbeste Zeit (Arr. For Piano Four Hands by György Kurtág)",Johann Sebastian Bach,0.00792,0.0621,0.5660000000000001,0.995,relaxado,acustico,whisky,leve,em casa
Goya,Minxz,0.00656,0.0809,0.365,0.994,relaxado,acustico,whisky,leve,em casa
Gracewood (Revisited),Steven Vrancken,0.0544,0.158,0.353,0.969,relaxado,acustico,whisky,leve,em casa
Green Street,Alexander Motovilov,0.191,0.411,0.373,0.978,relaxado,acustico,whisky,leve,em casa
Groove Is in the Heart,Deee-Lite,0.8809999999999999,0.924,0.6940000000000001,0.0153,feliz,rock,cerveja,forte,com amigos
Groovin,Sir Roy,0.7440000000000001,0.6940000000000001,0.845,0.0447,feliz,rock,cerveja,forte,festa
Guernica,Brand New,0.907,0.346,0.382,0.127,estressado,rock,cerveja,forte,jantar
Halfway There (feat. Lena Leon),Tiësto,0.888,0.0715,0.59,0.000753,estressado,rock,cerveja,forte,com amigos
Handful Of Redemption,Boysetsfire,0.947,0.419,0.508,0.00022,estressado,rock,cerveja,forte,com amigos
Happy Ending,Joe Jackson,0.8079999999999999,0.726,0.635,0.0973,feliz,rock,cerveja,forte,com amigos
Happy Together,The Turtles,0.3670000000000001,0.588,0.584,0.55,relaxado,indie,whisky,leve,em casa
Harvest Love,Tash Sultana,0.251,0.18,0.276,0.314,triste,indie,whisky,leve,em casa
Hash Pipe,Weezer,0.882,0.623,0.578,0.000121,relaxado,rock,vinho,forte,com amigos
Heaven - David Guetta & MORTEN Remix,Avicii,0.934,0.204,0.5720000000000001,0.00292,estressado,rock,cerveja,forte,com amigos
Heavenly,Cigarettes After Sex,0.4320000000000001,0.133,0.539,0.617,triste,indie,whisky,media,jantar
Heavy,Collective Soul,0.8540000000000001,0.618,0.535,0.000919,relaxado,rock,vinho,forte,com amigos
Here Comes The Sun - Remastered 2009,The Beatles,0.54,0.394,0.557,0.0339,relaxado,indie,whisky,media,com amigos
Highway to Hell,AC/DC,0.913,0.423,0.574,0.061,estressado,rock,cerveja,forte,com amigos
Holding On,Scary Kids Scaring Kids,0.935,0.455,0.421,0.000442,estressado,rock,cerveja,forte,jantar
Hollowman,Trapt,0.92,0.182,0.502,0.000214,estressado,rock,cerveja,forte,com amigos
Holy Water,Galantis,0.7340000000000001,0.401,0.5870000000000001,0.0653,estressado,rock,cerveja,forte,com amigos
Home,Lucas & Steve,0.932,0.337,0.544,0.00851,estressado,rock,cerveja,forte,com amigos
"Honey, This Mirror Isn't Big Enough for the Two of Us",My Chemical Romance,0.946,0.534,0.383,0.000328,relaxado,rock,whisky,forte,jantar
Hoovela,Steve Aoki,0.989,0.119,0.341,0.00123,estressado,rock,cerveja,forte,jantar
How Bizarre,OMC,0.675,0.8540000000000001,0.784,0.261,feliz,pop,cerveja,media,com amigos
How To Fight,Eartheater,0.249,0.284,0.404,0.7020000000000001,relaxado,acustico,whisky,leve,em casa
Human Connection,Cult Solo,0.882,0.347,0.6,0.0938,estressado,rock,cerveja,forte,com amigos
Humans (Let Me Love You),Sick Individuals,0.835,0.371,0.584,0.21,estressado,rock,cerveja,forte,com amigos
Hunter,Anna Calvi,0.454,0.388,0.439,0.316,relaxado,indie,whisky,media,jantar
Hypnagogia Well,Monocle Twins,0.253,0.0529,0.545,0.7709999999999999,relaxado,acustico,whisky,leve,em casa
I Can't Help (with Sarcastic Sounds),Shoffy,0.4,0.318,0.7140000000000001,0.393,triste,pop,whisky,media,jantar
I Don't Know (feat. Samuel T. Herring),BADBADNOTGOOD,0.52,0.654,0.389,0.24,feliz,indie,espumante,media,jantar
I Don't Trust That Bird of Prey,Random Forest,0.305,0.0389,0.52,0.605,relaxado,indie,whisky,leve,em casa
I Stand Alone,Godsmack,0.921,0.351,0.211,4.51e-05,estressado,rock,cerveja,forte,jantar
I Took A Pill In Ibiza,Mike Posner,0.319,0.378,0.636,0.618,relaxado,pop,whisky,leve,em casa
I Was Made For Lovin' You,KISS,0.852,0.867,0.768,0.213,feliz,eletronica,cerveja,forte,festa
I Would Die 4 U,Prince,0.75,0.639,0.731,0.0862,animado,rock,gin tonica,forte,festa
I dine øjne,Efterklang,0.417,0.0708,0.67,0.762,triste,acustico,whisky,media,jantar
I'm Not Okay (I Promise),My Chemical Romance,0.94,0.255,0.21,0.00602,estressado,rock,cerveja,forte,jantar
I'm Your Man,Spiritualized,0.356,0.0965,0.429,0.475,triste,indie,whisky,leve,em casa
I've Been Fine,TT,0.569,0.265,0.5479999999999999,0.13,relaxado,indie,whisky,media,com amigos
ID8,Dimitri Vangelis & Wyman,0.948,0.193,0.5760000000000001,0.0198,estressado,rock,cerveja,forte,com amigos
If You Believe,Yonder Dale,0.202,0.142,0.575,0.937,relaxado,acustico,whisky,leve,em casa
If You Think It's Love,King Princess,0.34,0.449,0.4320000000000001,0.807,relaxado,acustico,whisky,leve,em casa
Images,DeLange,0.00579,0.1369999999999999,0.387,0.993,relaxado,acustico,whisky,leve,em casa
In This Moment,Lucas Delphy,0.221,0.089,0.479,0.7709999999999999,relaxado,acustico,whisky,leve,em casa
Indigo,LEFT.,0.504,0.67,0.503,0.488,feliz,indie,espumante,media,com amigos
Infinite Sustain,Amaranth Cove,0.214,0.0903,0.529,0.8,relaxado,acustico,whisky,leve,em casa
Ingénue,Eline Moss,0.122,0.112,0.283,0.993,relaxado,acustico,whisky,leve,em casa
Inside Of You,Hoobastank,0.884,0.82,0.435,0.000203,feliz,rock,espumante,forte,jantar
Inside the Fire,Disturbed,0.962,0.66,0.463,0.000233,feliz,rock,espumante,forte,jantar
Inside*,Ton Snijders,0.0028,0.151,0.266,0.99,relaxado,acustico,whisky,leve,em casa
Intermezzo No. 1 in E Minor,Manuel Ponce,0.0987,0.0558,0.31,0.995,relaxado,acustico,whisky,leve,em casa
Into Black,Blouse,0.6809999999999999,0.7070000000000001,0.705,0.463,feliz,pop,cerveja,media,com amigos
Isonoe,Job Roggeveen,0.119,0.249,0.365,0.983,relaxado,acustico,whisky,leve,em casa
It Takes Me Back,Emmrose,0.111,0.179,0.487,0.902,relaxado,acustico,whisky,leve,em casa
It's Goin' Down (feat. Mike Shinoda & Mr. Hahn),X-Ecutioners,0.89,0.9,0.674,0.00165,feliz,rock,cerveja,forte,com amigos
It's My Fault,Lolo Zouaï,0.235,0.0382,0.647,0.815,relaxado,acustico,whisky,leve,em casa
Jealous,Labrinth,0.155,0.0935,0.435,0.873,relaxado,acustico,whisky,leve,em casa
"John Wayne Gacy, Jr.",Sufjan Stevens,0.179,0.183,0.463,0.917,relaxado,acustico,whisky,leve,em casa
Juliens Journey,Reinhard Vanbergen,0.0154,0.244,0.578,0.994,relaxado,acustico,whisky,leve,em casa
Jupiter 4,Sharon Van Etten,0.498,0.0592,0.475,0.0168,triste,indie,whisky,media,jantar
Just Can't Get Enough - Live in Hammersmith,Depeche Mode,0.975,0.911,0.653,0.0082,feliz,rock,cerveja,forte,com amigos
Just Look at You,369,0.249,0.111,0.5579999999999999,0.985,relaxado,acustico,whisky,leve,em casa
Just the Two of Us (feat. Bill Withers),"Grover Washington, Jr.",0.488,0.624,0.8029999999999999,0.5760000000000001,relaxado,pop,vinho,media,jantar
K.,Rosie Carney,0.226,0.173,0.348,0.962,relaxado,acustico,whisky,leve,em casa
Kangaroo (Remastered),This Mortal Coil,0.1669999999999999,0.0491,0.19,0.768,relaxado,acustico,whisky,leve,em casa
Kaolnite,Burgundy Skies,0.231,0.0485,0.247,0.622,relaxado,indie,whisky,leve,em casa
Keep Going,Mark Milan,0.305,0.172,0.385,0.994,relaxado,acustico,whisky,leve,em casa
Kids In The Dark,Bat For Lashes,0.526,0.257,0.47,0.524,relaxado,indie,whisky,media,jantar
Killing In The Name,Rage Against The Machine,0.833,0.6609999999999999,0.466,0.0266,feliz,rock,espumante,forte,jantar
Kinky Living,Rustin Man,0.493,0.574,0.526,0.7090000000000001,nostalgico,acustico,vinho,media,jantar
Kinky Love,Pale Saints,0.277,0.309,0.376,0.133,triste,indie,whisky,leve,em casa
Kiss,Prince,0.271,0.742,0.898,0.0135,cansado,pop,vinho,leve,em casa
Kiss On My List - Remastered,Daryl Hall & John Oates,0.847,0.97,0.8059999999999999,0.138,feliz,eletronica,cerveja,forte,festa
Kiss You All Over - Single Edit,Isaac Elton,0.8240000000000001,0.667,0.696,0.0578,feliz,rock,cerveja,forte,com amigos
Kite,YuMe,0.019,0.157,0.534,0.973,relaxado,acustico,whisky,leve,em casa
Klangfall - Piano Version,Joep Beving,0.0807,0.0394,0.394,0.993,relaxado,acustico,whisky,leve,em casa
La Luz,City of the Sun,0.441,0.389,0.5589999999999999,0.0463,relaxado,indie,whisky,media,jantar
Last Time,Johnning,0.5870000000000001,0.4,0.628,0.111,relaxado,pop,whisky,media,com amigos
Late in the Evening,Paul Simon,0.88,0.961,0.72,0.199,feliz,eletronica,cerveja,forte,festa
Laugavegur,Dreyma,0.408,0.308,0.515,0.54,triste,indie,whisky,media,jantar
Lay Your Head On Me (feat. Marcus Mumford),Major Lazer,0.765,0.222,0.6579999999999999,0.0471,animado,rock,gin tonica,forte,com amigos
Let It Go,James Bay,0.311,0.246,0.546,0.818,relaxado,acustico,whisky,leve,em casa
Let It Out,Jehnny Beth,0.528,0.15,0.596,0.381,relaxado,indie,whisky,media,com amigos
Let's Go Crazy,Prince,0.93,0.376,0.309,0.0192,estressado,rock,cerveja,forte,jantar
Lift Me Up (feat. Carla Monroe),Oliver Heldens,0.784,0.562,0.579,0.0426,relaxado,rock,whisky,forte,com amigos
Light Year,Evan Michael Brown,0.189,0.0379,0.301,0.99,relaxado,acustico,whisky,leve,em casa
Light Years,The National,0.316,0.173,0.544,0.95,relaxado,acustico,whisky,leve,em casa
Lights Go Down,Mike Candys,0.812,0.146,0.741,0.00254,animado,eletronica,drink tropical,forte,festa
Like The First Time - House Mix,Isaac Elton,0.8759999999999999,0.797,0.775,0.00481,feliz,eletronica,cerveja,forte,festa
Like The Way I Do,Melissa Etheridge,0.931,0.6729999999999999,0.591,0.0213,feliz,rock,espumante,forte,com amigos
Like We Do,Fedde Le Grand,0.96,0.0392,0.614,0.0125,animado,rock,drink tropical,forte,com amigos
Limitless,Lucas Delphy,0.191,0.0365,0.238,0.404,triste,indie,whisky,leve,em casa
Linger,No Vacation,0.574,0.225,0.54,0.0122,relaxado,indie,whisky,media,com amigos
Listen to the Music,The Doobie Brothers,0.598,0.913,0.645,0.221,feliz,pop,cerveja,media,com amigos
Listening,The Used,0.907,0.408,0.475,0.000121,estressado,rock,cerveja,forte,jantar
Litost,Minxz,0.101,0.242,0.383,0.988,relaxado,acustico,whisky,leve,em casa
Little Lion Man,Mumford & Sons,0.496,0.442,0.515,0.0244,relaxado,indie,whisky,media,jantar
Little Talks,Of Monsters and Men,0.757,0.417,0.457,0.0206,estressado,rock,cerveja,forte,jantar
Little Things,Bush,0.915,0.215,0.3670000000000001,0.000229,estressado,rock,cerveja,forte,jantar
Living,EERA,0.59,0.212,0.46,0.14,relaxado,indie,whisky,media,jantar
"Lola - Live at Providence Civic Center, Providence, RI - September 1979",The Kinks,0.777,0.481,0.488,0.153,estressado,rock,cerveja,forte,jantar
London Thunder,Foals,0.357,0.0388,0.489,0.6409999999999999,relaxado,indie,whisky,leve,em casa
Lonely Boy,Andrew Gold,0.598,0.866,0.588,0.0386,feliz,indie,espumante,media,com amigos
Long Way Down,Tom Odell,0.121,0.0926,0.3670000000000001,0.972,relaxado,acustico,whisky,leve,em casa
Lorelei,Cocteau Twins,0.669,0.414,0.387,0.000158,relaxado,indie,whisky,media,jantar
Los Feliz,Search For Atlantis,0.373,0.123,0.575,0.197,triste,indie,whisky,leve,em casa
Losing You,Aquilo,0.446,0.213,0.383,0.63,triste,indie,whisky,media,jantar
Lost,Annelie,0.1,0.0676,0.389,0.972,relaxado,acustico,whisky,leve,em casa
Lost Moon,Nightlands,0.591,0.303,0.448,0.328,relaxado,indie,whisky,media,jantar
Love Is A Losing Game,Amy Winehouse,0.561,0.541,0.48,0.317,relaxado,indie,whisky,media,jantar
Lovely Day,Bill Withers,0.565,0.6920000000000001,0.693,0.194,feliz,pop,cerveja,media,com amigos
Lunar Eclipse,Marc Torch,0.469,0.316,0.632,0.224,triste,pop,whisky,media,jantar
"Ma mère l'oye, M.60 - For Piano Duet, M.60: 1. Pavane de la Belle au bois dormant",Arthur Jussen,0.0145,0.5489999999999999,0.517,0.995,relaxado,acustico,whisky,leve,em casa
Machinehead,Bush,0.875,0.156,0.15,4.24e-05,estressado,rock,cerveja,forte,jantar
Mad About You,Hooverphonic,0.8440000000000001,0.155,0.465,0.00109,estressado,rock,cerveja,forte,jantar
Make Believe,Quintino,0.882,0.0653,0.5870000000000001,0.03,estressado,rock,cerveja,forte,com amigos
Malibu,Matthew Harvey,0.154,0.0799,0.435,0.977,relaxado,acustico,whisky,leve,em casa
Marbles,Tindersticks,0.521,0.148,0.49,0.0934,relaxado,indie,whisky,media,jantar
Me and Julio Down by the Schoolyard,Paul Simon,0.816,0.7979999999999999,0.626,0.237,feliz,rock,cerveja,forte,com amigos
Melancholé,Biba Dupont,0.0283,0.119,0.369,0.996,relaxado,acustico,whisky,leve,em casa
Mercy - Live,Hilary Hahn,0.0838,0.0404,0.211,0.916,relaxado,acustico,whisky,leve,em casa
Message In A Bottle - Remastered 2003,The Police,0.8079999999999999,0.8690000000000001,0.5770000000000001,0.0338,feliz,rock,espumante,forte,com amigos
Midnight Sun,Nicky Romero,0.98,0.179,0.614,0.0574,animado,rock,drink tropical,forte,com amigos
Mil Sonidos,Reina del Mar,0.183,0.057,0.221,0.958,relaxado,acustico,whisky,leve,em casa
Mind-wanders,Patrick Hamilton,0.0185,0.147,0.312,0.959,relaxado,acustico,whisky,leve,em casa
Mindfulness,Amoll,0.00643,0.16,0.6920000000000001,0.992,relaxado,acustico,whisky,leve,em casa
Minus,Daniel Blumberg,0.254,0.0909,0.244,0.501,relaxado,indie,whisky,leve,em casa
Miss You - Remastered,The Rolling Stones,0.71,0.845,0.795,0.443,feliz,rock,cerveja,forte,festa
Misty Mornings,Wilson Trouvé,0.0781,0.0796,0.522,0.981,relaxado,acustico,whisky,leve,em casa
Momentum,Monocle Twins,0.248,0.138,0.636,0.8909999999999999,relaxado,acustico,whisky,leve,em casa
Montana,Le Verne,0.0595,0.0898,0.435,0.913,relaxado,acustico,whisky,leve,em casa
Monumental,Antuigo,0.217,0.0647,0.491,0.916,relaxado,acustico,whisky,leve,em casa
Morning Shimmer,Vochey,0.163,0.0501,0.449,0.58,relaxado,indie,whisky,leve,em casa
Moulain (Revisited 432hz),Steven Vrancken,0.3229999999999999,0.436,0.424,0.972,relaxado,acustico,whisky,leve,em casa
Movies,Weyes Blood,0.362,0.0964,0.0903,0.6459999999999999,relaxado,indie,whisky,leve,em casa
Mr. Blue Sky,Electric Light Orchestra,0.338,0.477,0.388,0.652,relaxado,indie,whisky,leve,em casa
Mr. Jones,Counting Crows,0.8170000000000001,0.726,0.578,0.183,feliz,rock,espumante,forte,com amigos
Mudshovel,Staind,0.826,0.341,0.328,0.000224,estressado,rock,cerveja,forte,jantar
"Murder Song (5, 4, 3, 2, 1) - Acoustic",AURORA,0.0887,0.356,0.398,0.902,relaxado,acustico,whisky,leve,em casa
My Favourite Game,The Cardigans,0.7659999999999999,0.453,0.594,0.000156,estressado,rock,cerveja,forte,com amigos
My Hero,Foo Fighters,0.925,0.301,0.364,6.01e-05,estressado,rock,cerveja,forte,jantar
My Own Worst Enemy,Lit,0.946,0.741,0.494,0.00129,feliz,rock,espumante,forte,jantar
My Sharona,The Knack,0.7,0.897,0.586,0.0589,feliz,indie,espumante,forte,com amigos
My Way - Marcus Santoro Remix,Nicky Romero,0.882,0.296,0.563,0.0122,estressado,rock,cerveja,forte,com amigos
Mykki,TT,0.56,0.414,0.665,0.336,relaxado,pop,whisky,media,com amigos
Nazareth,Matteo Myderwyk,0.0181,0.16,0.378,0.995,relaxado,acustico,whisky,leve,em casa
Need You - Ed. & Gustav Munk Remix,Faustix,0.723,0.412,0.6559999999999999,0.00352,animado,rock,gin tonica,forte,com amigos
Never Be Lonely (feat. Envy Monroe),Blasterjaxx,0.85,0.528,0.5870000000000001,0.207,relaxado,rock,whisky,forte,com amigos
Never Letting Go,Audien,0.765,0.117,0.534,0.0915,estressado,rock,cerveja,forte,com amigos
Never My Love,Isobel Campbell,0.245,0.356,0.764,0.6659999999999999,relaxado,pop,whisky,leve,em casa
Night,Wilson Trouvé,0.00129,0.13,0.428,0.995,relaxado,acustico,whisky,leve,em casa
Night Moves,Bob Seger,0.743,0.374,0.705,0.4320000000000001,animado,rock,gin tonica,forte,festa
Night Surrender,DeLange,0.00977,0.13,0.211,0.993,relaxado,acustico,whisky,leve,em casa
Night on Earth,Jerkcurb,0.494,0.136,0.268,0.0656,triste,indie,whisky,media,jantar
No More 54,Dada Life,0.967,0.134,0.541,0.000492,estressado,rock,cerveja,forte,com amigos
No One Knows,Queens of the Stone Age,0.583,0.67,0.509,0.0329,feliz,indie,espumante,media,com amigos
No Time To Die,Billie Eilish,0.219,0.0517,0.38,0.917,relaxado,acustico,whisky,leve,em casa
No Woman,Whitney,0.4,0.433,0.581,0.893,nostalgico,acustico,vinho,media,jantar
Nobody,Mac DeMarco,0.178,0.442,0.877,0.7759999999999999,relaxado,acustico,whisky,leve,em casa
North,Ton Snijders,0.0155,0.119,0.522,0.994,relaxado,acustico,whisky,leve,em casa
North Captiva,Lundegard,0.346,0.23,0.479,0.918,relaxado,acustico,whisky,leve,em casa
Not Alone,Otto Knows,0.721,0.267,0.68,0.0053799999999999,animado,rock,gin tonica,forte,com amigos
Nowhere Kids,Smile Empty Soul,0.914,0.393,0.511,0.000106,estressado,rock,cerveja,forte,com amigos
Oceans,Seafret,0.48,0.2,0.404,0.274,triste,indie,whisky,media,jantar
October Rain,Various Artists,0.014,0.144,0.187,0.992,relaxado,acustico,whisky,leve,em casa
Old Rain on a New Day,Cora Zea,0.14,0.154,0.286,0.971,relaxado,acustico,whisky,leve,em casa
Older Than I Am,Lennon Stella,0.306,0.201,0.44,0.8909999999999999,relaxado,acustico,whisky,leve,em casa
On Another Ocean (January / June),Fleet Foxes,0.523,0.0697,0.284,0.155,relaxado,indie,whisky,media,jantar
On My Way (feat. Jordan Kaahn),Robbie Rivera,0.93,0.3670000000000001,0.6609999999999999,0.0188,animado,rock,drink tropical,forte,com amigos
One More Night,Labi Ramaj,0.897,0.183,0.62,0.00402,animado,rock,drink tropical,forte,com amigos
One Night - D.O.D Remix,Cedric Gervais,0.969,0.26,0.6809999999999999,0.00732,animado,rock,drink tropical,forte,com amigos
One Step Closer,Linkin Park,0.969,0.5379999999999999,0.4920000000000001,0.0014,relaxado,rock,whisky,forte,jantar
Only,RY X,0.178,0.0933,0.373,0.906,relaxado,acustico,whisky,leve,em casa
Only You,Joshua Radin,0.255,0.831,0.545,0.362,cansado,indie,vinho,leve,em casa
Open Fields,Faelt,0.197,0.216,0.491,0.97,relaxado,acustico,whisky,leve,em casa
Open Skies,Lost Horse Mine,0.5589999999999999,0.0869,0.56,0.00104,relaxado,indie,whisky,media,com amigos
Orbits,Halfway Escape,0.404,0.4,0.438,0.855,nostalgico,acustico,vinho,media,jantar
Our Lady of Sorrows,My Chemical Romance,0.931,0.382,0.271,0.00099,estressado,rock,cerveja,forte,jantar
Out Of Control,Hoobastank,0.973,0.458,0.443,0.00161,estressado,rock,cerveja,forte,jantar
Out Of Control - Pat Vocal Mix,Lupe Fuentes,0.742,0.6890000000000001,0.8640000000000001,0.00875,feliz,rock,cerveja,forte,festa
Out of Control,Lush,0.799,0.502,0.328,0.0041,relaxado,rock,whisky,forte,jantar
Out of the Deep,Olivia Belli,0.0212,0.0631,0.2,0.992,relaxado,acustico,whisky,leve,em casa
Outside,MorMor,0.613,0.598,0.637,0.0925,relaxado,pop,whisky,media,com amigos
Over My Head (Better Off Dead),Sum 41,0.919,0.773,0.44,0.00222,feliz,rock,espumante,forte,jantar
Pain,The War On Drugs,0.833,0.482,0.523,0.00387,estressado,rock,cerveja,forte,com amigos
Panoramic Feelings (Piano Version),LudoWic,0.0084599999999999,0.0638,0.25,0.991,relaxado,acustico,whisky,leve,em casa
Papercut,Linkin Park,0.939,0.6609999999999999,0.524,0.00022,feliz,rock,espumante,forte,com amigos
Paperthin Hymn,Anberlin,0.597,0.536,0.298,0.00111,relaxado,indie,whisky,media,jantar
Parabel,Matteo Myderwyk,0.0214,0.148,0.354,0.976,relaxado,acustico,whisky,leve,em casa
Paradise,Coldplay,0.585,0.203,0.449,0.0522,relaxado,indie,whisky,media,jantar
Paralyzer,Finger Eleven,0.938,0.888,0.6459999999999999,0.159,feliz,rock,cerveja,forte,com amigos
Pass The Hours,MorMor,0.639,0.5429999999999999,0.778,0.179,relaxado,pop,whisky,media,com amigos
Path to Serenity,Arya Shae,0.0601,0.0388,0.134,0.961,relaxado,acustico,whisky,leve,em casa
People Are Strange - Festival Mix,KAAZE,0.912,0.0765,0.636,0.00222,animado,rock,drink tropical,forte,com amigos
People Help the People,Birdy,0.308,0.153,0.407,0.778,relaxado,acustico,whisky,leve,em casa
Petrichor,Cecelya,0.122,0.214,0.319,0.937,relaxado,acustico,whisky,leve,em casa
"Piano Sonata No. 14 In C Sharp Minor, Op. 27-2 1st Mvt: Adagio Sostenuto",Ludwig van Beethoven,0.00332,0.17,0.274,0.995,relaxado,acustico,whisky,leve,em casa
Pierre,Hicham Chahidi,0.0499,0.153,0.356,0.989,relaxado,acustico,whisky,leve,em casa
Pink Rupture,Kornum & Karma,0.356,0.525,0.736,0.00178,relaxado,pop,whisky,leve,em casa
Placidity,Estado De Calma,0.25,0.0827,0.261,0.474,triste,indie,whisky,leve,em casa
Planet,Sofiane Pamart,0.0604,0.113,0.5489999999999999,0.988,relaxado,acustico,whisky,leve,em casa
Play The Ghost,Sarah Davachi,0.0567,0.0391,0.118,0.911,relaxado,acustico,whisky,leve,em casa
Poem,Taproot,0.912,0.6659999999999999,0.364,0.000104,feliz,rock,espumante,forte,jantar
Points of Authority,Linkin Park,0.97,0.4270000000000001,0.512,0.03,estressado,rock,cerveja,forte,com amigos
Polyamorous,Breaking Benjamin,0.895,0.875,0.544,0.000132,feliz,rock,espumante,forte,com amigos
Pour Les Oiseaux,Sylvain Chauveau,0.0879,0.308,0.376,0.965,relaxado,acustico,whisky,leve,em casa
Prayer Of The Refugee,Rise Against,0.977,0.351,0.198,0.00131,estressado,rock,cerveja,forte,jantar
Prelude,Marynka,0.0846,0.118,0.306,0.996,relaxado,acustico,whisky,leve,em casa
Prelude 6 - Pt. 1,Max Richter,0.0407,0.043,0.134,0.992,relaxado,acustico,whisky,leve,em casa
Prelude in F,Alexander Motovilov,0.272,0.5329999999999999,0.461,0.968,relaxado,acustico,whisky,leve,em casa
Presence,Van Stiles,0.292,0.0633,0.616,0.966,relaxado,acustico,whisky,leve,em casa
Pressure,Seth Hills,0.863,0.4370000000000001,0.708,0.00885,animado,eletronica,drink tropical,forte,festa
Promise,Eve 6,0.85,0.715,0.62,0.0079099999999999,feliz,rock,cerveja,forte,com amigos
Pumped Up Kicks,Foster The People,0.71,0.965,0.733,0.145,feliz,rock,cerveja,forte,festa
Quick Canal (W/ Laetita Sadier),Atlas Sound,0.541,0.191,0.299,0.1689999999999999,relaxado,indie,whisky,media,jantar
Quiet Room,Various Artists,0.068,0.241,0.374,0.995,relaxado,acustico,whisky,leve,em casa
"Quiet, The Winter Harbor",Mazzy Star,0.0792,0.106,0.321,0.973,relaxado,acustico,whisky,leve,em casa
Raven's Feather - Piano Solo,Nina June,0.0624,0.0738,0.594,0.988,relaxado,acustico,whisky,leve,em casa
Rayons de soleil,Marlies du Mosch,0.102,0.1689999999999999,0.315,0.987,relaxado,acustico,whisky,leve,em casa
Reality,Chocolate Puma,0.836,0.0741,0.6509999999999999,0.000934,animado,rock,drink tropical,forte,com amigos
Rebuscano,Olivia Belli,0.0322,0.0614,0.416,0.99,relaxado,acustico,whisky,leve,em casa
Recording 15,Shannon Lay,0.126,0.439,0.552,0.956,relaxado,acustico,whisky,leve,em casa
Reinventing Your Exit,Underoath,0.978,0.268,0.45,0.000124,estressado,rock,cerveja,forte,jantar
Remains,Dries Beheydt,0.0755,0.119,0.157,0.991,relaxado,acustico,whisky,leve,em casa
Renee's Song,Bazzi,0.229,0.42,0.593,0.794,relaxado,acustico,whisky,leve,em casa
Renegades Of Funk,Rage Against The Machine,0.908,0.769,0.6509999999999999,0.00184,feliz,rock,cerveja,forte,com amigos
Rescue Me,DubVision,0.7390000000000001,0.235,0.494,0.069,estressado,rock,cerveja,forte,jantar
Retrospectacular,Domaine Blanc,0.293,0.197,0.368,0.81,relaxado,acustico,whisky,leve,em casa
Revitalize,Yonder Dale,0.327,0.0399,0.597,0.95,relaxado,acustico,whisky,leve,em casa
Ring The Alarm - Stadiumx Remix,Nicky Romero,0.994,0.35,0.625,0.00032,animado,rock,drink tropical,forte,com amigos
Rise (ft. Matluck) - Thomas Gold Remix,Nicky Romero,0.784,0.216,0.501,0.0071,estressado,rock,cerveja,forte,com amigos
River,St Woods,0.317,0.0596,0.304,0.73,relaxado,acustico,whisky,leve,em casa
Riverside,Agnes Obel,0.177,0.236,0.648,0.985,relaxado,acustico,whisky,leve,em casa
"Rocket Man (I Think It's Going To Be A Long, Long Time)",Elton John,0.532,0.341,0.601,0.4320000000000001,relaxado,pop,whisky,media,com amigos
Romance,Ex:Re,0.644,0.464,0.716,0.884,nostalgico,acustico,vinho,media,com amigos
Roses,OutKast,0.708,0.509,0.7509999999999999,0.0481,animado,rock,gin tonica,forte,festa
Rusted From the Rain,Billy Talent,0.858,0.616,0.431,0.000481,relaxado,rock,vinho,forte,jantar
Rylan,The National,0.789,0.7170000000000001,0.609,0.403,feliz,rock,cerveja,forte,com amigos
Sad Corny Fuck,JP Saxe,0.179,0.391,0.604,0.835,relaxado,acustico,whisky,leve,em casa
Sadness,Marynka,0.0706,0.0877,0.35,0.991,relaxado,acustico,whisky,leve,em casa
Sahara Love - Seven Lions Remix,Above & Beyond,0.659,0.149,0.275,0.0418,relaxado,indie,whisky,media,jantar
Same Direction,Hoobastank,0.988,0.514,0.401,0.00492,relaxado,rock,whisky,forte,jantar
Samson,Regina Spektor,0.193,0.184,0.49,0.862,relaxado,acustico,whisky,leve,em casa
Saving Daylight,Harvest Silence,0.385,0.212,0.526,0.456,triste,indie,whisky,leve,em casa
Savior,Rise Against,0.931,0.467,0.339,0.0015,estressado,rock,cerveja,forte,jantar
Say Days Ago,The Used,0.979,0.195,0.362,0.00022,estressado,rock,cerveja,forte,jantar
Schloss,Elmau Dunkel,0.073,0.0668,0.438,0.968,relaxado,acustico,whisky,leve,em casa
Secrets,Erik Frank,0.748,0.476,0.743,0.762,animado,acustico,gin tonica,forte,festa
Send It,Steve Aoki,0.979,0.091,0.6459999999999999,0.0199,animado,rock,drink tropical,forte,com amigos
Send Me on My Way,Various Artists,0.6809999999999999,0.745,0.5,0.114,feliz,indie,espumante,media,jantar
Seven Nation Army,The White Stripes,0.466,0.303,0.745,0.0066599999999999,triste,pop,whisky,media,jantar
She Kind of Looks Like You,AFTRHOURS,0.255,0.483,0.9,0.632,relaxado,pop,whisky,leve,em casa
She Remembers (Piano Solo),Pieter Savenberg,0.0203,0.337,0.619,0.996,relaxado,acustico,whisky,leve,em casa
Shifts Of Light,Avery Young,0.216,0.179,0.455,0.931,relaxado,acustico,whisky,leve,em casa
Shimmer,Fuel,0.784,0.385,0.263,0.00192,estressado,rock,cerveja,forte,jantar
Shine,Manse,0.873,0.285,0.428,0.0259,estressado,rock,cerveja,forte,jantar
Should Have Known Better,Sufjan Stevens,0.172,0.297,0.5710000000000001,0.979,relaxado,acustico,whisky,leve,em casa
Should I Stay or Should I Go - Remastered,The Clash,0.8440000000000001,0.85,0.742,0.0838,feliz,eletronica,cerveja,forte,festa
Silhouette,Julia Holter,0.469,0.535,0.445,0.173,relaxado,indie,whisky,media,jantar
Silver Lining,Pieter de Graaf,0.106,0.108,0.317,0.986,relaxado,acustico,whisky,leve,em casa
Simple Song,Passenger,0.402,0.598,0.631,0.616,nostalgico,pop,vinho,media,jantar
Sinking Man - The Walking Dead Soundtrack,Various Artists,0.0646,0.334,0.684,0.905,relaxado,acustico,whisky,leve,em casa
Sintra,Made Of Gold,0.147,0.1669999999999999,0.395,0.984,relaxado,acustico,whisky,leve,em casa
Siren Song - Radio Edit,CamelPhat,0.705,0.34,0.71,0.00891,animado,rock,gin tonica,forte,festa
Skinny Love,Bon Iver,0.256,0.103,0.5920000000000001,0.8420000000000001,relaxado,acustico,whisky,leve,em casa
Sleep,Hope Sandoval and the Warm Inventions,0.596,0.207,0.55,0.843,relaxado,acustico,whisky,media,com amigos
Slow It Down,The Lumineers,0.0657,0.105,0.423,0.928,relaxado,acustico,whisky,leve,em casa
Smile,Lily Allen,0.639,0.733,0.632,0.00143,feliz,pop,cerveja,media,com amigos
Smooth Criminal,Alien Ant Farm,0.966,0.8740000000000001,0.653,0.00287,feliz,rock,cerveja,forte,com amigos
Snowfall,Florejan,0.0747,0.175,0.4370000000000001,0.984,relaxado,acustico,whisky,leve,em casa
Solitude,Joep Beving,0.0311,0.0634,0.342,0.995,relaxado,acustico,whisky,leve,em casa
Some Kind Of Love,The Killers,0.482,0.0776,0.246,0.713,triste,acustico,whisky,media,jantar
Somebody - Josef Bamba Remix Radio Edit,Oliver Ingrosso,0.88,0.312,0.67,0.00162,animado,rock,drink tropical,forte,com amigos
Somebody That I Used To Know,Gotye,0.521,0.748,0.865,0.5479999999999999,feliz,pop,cerveja,media,com amigos
Someday,City of the Sun,0.5710000000000001,0.115,0.5720000000000001,0.265,relaxado,indie,whisky,media,com amigos
Someone Like You,Adele,0.321,0.288,0.5539999999999999,0.893,relaxado,acustico,whisky,leve,em casa
Someone New,Thomas Gold,0.794,0.389,0.655,0.00297,animado,rock,gin tonica,forte,com amigos
Somewhere Only We Know,Valentin,0.305,0.584,0.472,0.84,relaxado,acustico,whisky,leve,em casa
Son of a Lady,Hope Sandoval and the Warm Inventions,0.337,0.0374,0.272,0.895,relaxado,acustico,whisky,leve,em casa
"Song to the Siren - Recorded at Strongroom Studios, London",Wolf Alice,0.15,0.0785,0.371,0.963,relaxado,acustico,whisky,leve,em casa
South Beach,Vicetone,0.887,0.336,0.501,0.0303,estressado,rock,cerveja,forte,com amigos
Spirit In The Sky,Norman Greenbaum,0.606,0.5820000000000001,0.537,0.0939,relaxado,indie,whisky,media,com amigos
Start Me Up - Remastered,The Rolling Stones,0.932,0.971,0.631,0.0436,feliz,rock,cerveja,forte,com amigos
Stay,Gracie Abrams,0.37,0.433,0.618,0.883,relaxado,acustico,whisky,leve,em casa
Stay Here,Olaars & Will Philips,0.8390000000000001,0.269,0.4320000000000001,0.0149,estressado,rock,cerveja,forte,jantar
Stay Home,Golden Sleep,0.174,0.362,0.234,0.992,relaxado,acustico,whisky,leve,em casa
Stay Still,Alberto L. Ferro,0.0305,0.0835,0.382,0.987,relaxado,acustico,whisky,leve,em casa
"Steady, As She Goes",The Raconteurs,0.605,0.56,0.534,0.00865,relaxado,indie,whisky,media,com amigos
Still Alive,Mastrovita,0.912,0.7290000000000001,0.65,0.3,feliz,rock,cerveja,forte,com amigos
Still Waiting to Start,Nina Nesbitt,0.332,0.515,0.615,0.639,relaxado,pop,whisky,leve,em casa
Stormy Weather,Lost Horse Mine,0.382,0.197,0.444,0.00308,triste,indie,whisky,leve,em casa
Story Of A Violin,Sandro Silva,0.8640000000000001,0.161,0.5479999999999999,0.0125,estressado,rock,cerveja,forte,com amigos
Strange Dreams,Ella van der Woude,0.0229,0.148,0.308,0.988,relaxado,acustico,whisky,leve,em casa
Streets,Kensington,0.7709999999999999,0.419,0.376,0.000874,estressado,rock,cerveja,forte,jantar
Stricken,Disturbed,0.969,0.29,0.404,8.51e-05,estressado,rock,cerveja,forte,jantar
Stuck In The Middle With You,Various Artists,0.564,0.961,0.795,0.0934,feliz,pop,cerveja,media,com amigos
Stupify,Disturbed,0.939,0.422,0.597,0.00108,estressado,rock,cerveja,forte,com amigos
Such Great Heights,Iron & Wine,0.275,0.552,0.61,0.8079999999999999,relaxado,acustico,whisky,leve,em casa
Suds & Soda,dEUS,0.79,0.39,0.149,8.51e-05,estressado,rock,cerveja,forte,jantar
Suhpratti,Parazal,0.0515,0.214,0.564,0.974,relaxado,acustico,whisky,leve,em casa
Summer Boredom,Ella van der Woude,0.0281,0.157,0.496,0.994,relaxado,acustico,whisky,leve,em casa
Summer-Blink,Cocteau Twins,0.599,0.189,0.491,0.168,relaxado,indie,whisky,media,jantar
Sun In Our Eyes - Don Diablo Remix,MØ,0.861,0.315,0.6990000000000001,0.0589,animado,rock,drink tropical,forte,com amigos
Sunspots,Bodywash,0.499,0.335,0.379,0.00565,triste,indie,whisky,media,jantar
Supermarket,Manuela,0.352,0.655,0.588,0.812,relaxado,acustico,vinho,leve,em casa
Supersonic (feat. Christian Burns),Swanky Tunes,0.923,0.13,0.34,0.00814,estressado,rock,cerveja,forte,jantar
Superstition,Stevie Wonder,0.7509999999999999,0.863,0.648,0.0182,feliz,rock,cerveja,forte,com amigos
Surrender,Natalie Taylor,0.448,0.077,0.39,0.8,triste,acustico,whisky,media,jantar
Swerve City,Deftones,0.964,0.3720000000000001,0.457,0.0001,estressado,rock,cerveja,forte,jantar
Take Everything,Gareth Emery,0.823,0.405,0.506,0.0234,estressado,rock,cerveja,forte,com amigos
Take on Me,a-ha,0.902,0.8759999999999999,0.573,0.018,feliz,rock,espumante,forte,com amigos
Takeoff,Silo Silo,0.32,0.0694,0.44,0.625,relaxado,indie,whisky,leve,em casa
Talking In Your Sleep,The Romantics,0.967,0.977,0.72,0.0289,feliz,eletronica,cerveja,forte,festa
Target,Tom Kalani,0.471,0.261,0.55,0.7140000000000001,triste,acustico,whisky,media,jantar
Teardrop - Remastered 2006,Massive Attack,0.463,0.17,0.612,0.0204,triste,pop,whisky,media,jantar
Teardrops - Single Version,Various Artists,0.693,0.966,0.879,0.037,feliz,pop,cerveja,media,com amigos
Tears Don't Fall,Bullet For My Valentine,0.926,0.262,0.212,0.000725,estressado,rock,cerveja,forte,jantar
Teenage Dirtbag,Wheatus,0.85,0.633,0.625,0.346,animado,rock,drink tropical,forte,com amigos
Tegel,Lambert,0.0997,0.123,0.233,0.993,relaxado,acustico,whisky,leve,em casa
Telling Tales,Song Sung,0.555,0.247,0.425,0.0262,relaxado,indie,whisky,media,jantar
Thank You for the Venom,My Chemical Romance,0.977,0.413,0.486,0.00237,estressado,rock,cerveja,forte,jantar
The A Team,Ed Sheeran,0.286,0.366,0.626,0.6779999999999999,relaxado,pop,whisky,leve,em casa
The Boys Are Back In Town,Thin Lizzy,0.7120000000000001,0.773,0.319,0.242,feliz,rock,espumante,forte,jantar
The Calvary Cross,Still Corners,0.425,0.19,0.6609999999999999,0.675,triste,pop,whisky,media,jantar
The Choice,Gustavo Santaolalla,0.00338,0.347,0.303,0.909,relaxado,acustico,whisky,leve,em casa
The Dazzler,Ex:Re,0.218,0.361,0.775,0.343,cansado,pop,vinho,leve,em casa
The Disappearance of the Unmoved Mover,So Vea,0.4270000000000001,0.132,0.627,0.879,triste,acustico,whisky,media,jantar
The Discovery,Sulfur Springs,0.127,0.0354,0.414,0.8270000000000001,relaxado,acustico,whisky,leve,em casa
The Dreamer,Charles Bolt,0.0363,0.0481,0.235,0.983,relaxado,acustico,whisky,leve,em casa
The Five Times I Loved You,Cora Zea,0.0845,0.0795,0.41,0.988,relaxado,acustico,whisky,leve,em casa
The Funeral,Various Artists,0.769,0.118,0.316,0.0143,estressado,rock,cerveja,forte,jantar
The Good in Goodbye (Alternate Version),Alexander Wren,0.299,0.423,0.7090000000000001,0.59,relaxado,pop,whisky,leve,em casa
The Hardest Button To Button,The White Stripes,0.515,0.5489999999999999,0.6920000000000001,0.0097,relaxado,pop,whisky,media,com amigos
The Hell Song,Sum 41,0.956,0.5529999999999999,0.343,0.000135,relaxado,rock,whisky,forte,jantar
The Hummingbird,Barry Adamson,0.901,0.5770000000000001,0.478,2.27e-05,relaxado,rock,whisky,forte,jantar
The Hunger,Bat For Lashes,0.753,0.399,0.436,0.0402,estressado,rock,cerveja,forte,jantar
The Joker,Steve Miller Band,0.448,0.7959999999999999,0.596,0.365,relaxado,indie,vinho,media,jantar
The King (with Dzeko),Dimitri Vangelis & Wyman,0.726,0.292,0.655,0.0587,animado,rock,gin tonica,forte,com amigos
The Message,Still Corners,0.695,0.343,0.64,0.00278,relaxado,pop,whisky,media,com amigos
The Mind's Eye,Song Sung,0.546,0.305,0.376,0.000708,relaxado,indie,whisky,media,jantar
The Night We Met,Lord Huron,0.369,0.0989,0.443,0.969,relaxado,acustico,whisky,leve,em casa
The Night We Met - Rework,Nico Casal,0.0434,0.0823,0.506,0.992,relaxado,acustico,whisky,leve,em casa
The Safety Dance,Men Without Hats,0.8809999999999999,0.62,0.524,0.0252,relaxado,rock,vinho,forte,com amigos
The Snail’s Teachings II: The Wonders of,Steven Vrancken,0.00961,0.0916,0.334,0.944,relaxado,acustico,whisky,leve,em casa
The Temporary,Kate Teague,0.524,0.229,0.5489999999999999,0.292,relaxado,indie,whisky,media,com amigos
The Times Are Tired,Alaskan Tapes,0.195,0.14,0.216,0.792,relaxado,acustico,whisky,leve,em casa
The Wall,Alok,0.91,0.536,0.682,0.00953,animado,rock,drink tropical,forte,com amigos
There For You,Gorgon City,0.8440000000000001,0.7120000000000001,0.5329999999999999,0.00529,feliz,rock,espumante,forte,com amigos
Thin White Duchess,Martin Thulin,0.655,0.283,0.537,0.115,relaxado,indie,whisky,media,com amigos
Thirteen Thirty-Five,Dillon,0.293,0.36,0.67,0.7859999999999999,relaxado,acustico,whisky,leve,em casa
This Reminds You - Satie Remix,Remy Van Kesteren,0.0589,0.0378,0.258,0.87,relaxado,acustico,whisky,leve,em casa
Throw Me a Bone,Goat Girl,0.487,0.209,0.516,0.585,triste,indie,whisky,media,jantar
Tilted Towers,Alesso,0.8420000000000001,0.175,0.7020000000000001,0.000771,animado,eletronica,drink tropical,forte,festa
Time Out,Amoll,0.0761,0.262,0.695,0.988,relaxado,acustico,whisky,leve,em casa
Time Travel,AMBIE,0.289,0.156,0.502,0.965,relaxado,acustico,whisky,leve,em casa
Tiptoeing,Jacco Wynia,0.1369999999999999,0.0687,0.467,0.986,relaxado,acustico,whisky,leve,em casa
To Build A Home,The Cinematic Orchestra,0.122,0.0735,0.264,0.885,relaxado,acustico,whisky,leve,em casa
To The Hilt,BANKS,0.101,0.0866,0.327,0.948,relaxado,acustico,whisky,leve,em casa
To the Moon,Junodream,0.352,0.85,0.703,0.356,relaxado,pop,vinho,leve,em casa
Tomorrow,Annelie,0.0809,0.0604,0.325,0.964,relaxado,acustico,whisky,leve,em casa
Toxic,A Static Lullaby,0.98,0.37,0.555,3.01e-05,estressado,rock,cerveja,forte,com amigos
Transatlanticism,Death Cab for Cutie,0.466,0.19,0.443,0.393,triste,indie,whisky,media,jantar
Trastevere,Sebastián Escofet,0.272,0.38,0.42,0.8859999999999999,relaxado,acustico,whisky,leve,em casa
Trees - Solo Piano,Patrick Hamilton,0.0717,0.206,0.282,0.957,relaxado,acustico,whisky,leve,em casa
Trying My Best,Anson Seabra,0.0587,0.342,0.561,0.95,relaxado,acustico,whisky,leve,em casa
Tu Vois,Bram de Looze,0.0077,0.0728,0.351,0.995,relaxado,acustico,whisky,leve,em casa
Tubthumping,Chumbawamba,0.8809999999999999,0.625,0.319,0.118,relaxado,rock,vinho,forte,jantar
Tuesday,Annelie,0.0214,0.0703,0.3229999999999999,0.99,relaxado,acustico,whisky,leve,em casa
Twist And Shout - Remastered 2009,The Beatles,0.8490000000000001,0.937,0.482,0.6409999999999999,feliz,rock,espumante,forte,jantar
Two Princes,Spin Doctors,0.912,0.836,0.5429999999999999,0.00162,feliz,rock,espumante,forte,com amigos
UFOF,Big Thief,0.613,0.745,0.623,0.638,feliz,pop,cerveja,media,com amigos
Under A Killing Moon,Thrice,0.988,0.489,0.414,7.12e-06,estressado,rock,cerveja,forte,jantar
Understudy,Josie Mehlin,0.263,0.105,0.494,0.983,relaxado,acustico,whisky,leve,em casa
Underwater - Tinlicker Remix,Gabriel & Dresden,0.857,0.124,0.627,0.0607,animado,rock,drink tropical,forte,com amigos
Unintended,Muse,0.279,0.162,0.487,0.647,relaxado,indie,whisky,leve,em casa
United,Armin van Buuren,0.957,0.281,0.643,0.0565,animado,rock,drink tropical,forte,com amigos
Universe,Noah Vanden Abeele,0.134,0.171,0.623,0.994,relaxado,acustico,whisky,leve,em casa
Unmade,Thom Yorke,0.3,0.0877,0.186,0.974,relaxado,acustico,whisky,leve,em casa
Up Against (Blackout),Taking Back Sunday,0.8759999999999999,0.741,0.5489999999999999,0.000785,feliz,rock,espumante,forte,com amigos
Uprising,Muse,0.905,0.411,0.602,0.000202,animado,rock,drink tropical,forte,com amigos
Used to Be,Jurrivh,0.0394,0.0754,0.201,0.989,relaxado,acustico,whisky,leve,em casa
Vagabond,Steve Gunn,0.7879999999999999,0.647,0.545,0.0888,relaxado,rock,vinho,forte,com amigos
Vague,Amaranth Cove,0.253,0.125,0.32,0.8809999999999999,relaxado,acustico,whisky,leve,em casa
Valse Lente,Wilson Trouvé,0.0518,0.39,0.366,0.996,relaxado,acustico,whisky,leve,em casa
Vamos,Dimitri Vangelis & Wyman,0.975,0.254,0.52,0.00209,estressado,rock,cerveja,forte,com amigos
Venom,Dave202,0.851,0.241,0.357,0.159,estressado,rock,cerveja,forte,jantar
Video Games - Remastered,Lana Del Rey,0.249,0.181,0.236,0.8109999999999999,relaxado,acustico,whisky,leve,em casa
Video Killed The Radio Star,The Buggles,0.6779999999999999,0.251,0.68,0.103,relaxado,pop,whisky,media,com amigos
Virtual Insanity - Remastered,Jamiroquai,0.946,0.508,0.6509999999999999,0.13,animado,rock,drink tropical,forte,com amigos
Viva La Vida,Coldplay,0.619,0.416,0.485,0.0941,relaxado,indie,whisky,media,jantar
Voices,Disturbed,0.983,0.469,0.589,0.000116,estressado,rock,cerveja,forte,com amigos
Wait For Me,Steve Brian,0.7390000000000001,0.0652,0.465,0.00987,estressado,rock,cerveja,forte,jantar
Waiting,Alice Boman,0.33,0.0827,0.236,0.975,relaxado,acustico,whisky,leve,em casa
Waiting For Tomorrow (feat. Mike Shinoda),Martin Garrix,0.887,0.336,0.507,0.00731,estressado,rock,cerveja,forte,com amigos
Waiting On the World to Change,John Mayer,0.7559999999999999,0.6629999999999999,0.5770000000000001,0.159,feliz,rock,espumante,forte,com amigos
Waiting like the Storm,Rand Aldo,0.0564,0.0361,0.162,0.946,relaxado,acustico,whisky,leve,em casa
War,Kensington,0.8059999999999999,0.721,0.6409999999999999,0.079,feliz,rock,cerveja,forte,com amigos
Wash It All Away,Five Finger Death Punch,0.987,0.272,0.485,2.08e-05,estressado,rock,cerveja,forte,jantar
Watching Clouds Disappear,Florejan,0.0191,0.243,0.495,0.99,relaxado,acustico,whisky,leve,em casa
Water Colors,Star Slide,0.12,0.0659,0.465,0.633,relaxado,indie,whisky,leve,em casa
Water Lillies,A Teardrop In The Lake,0.226,0.0388,0.234,0.848,relaxado,acustico,whisky,leve,em casa
Watersong,Cranes,0.102,0.595,0.6559999999999999,0.809,relaxado,acustico,whisky,leve,em casa
Wave of Mutilation,Beacon,0.229,0.0525,0.481,0.8420000000000001,relaxado,acustico,whisky,leve,em casa
We Are Your Friends - Justice Vs Simian,Simian,0.97,0.507,0.615,0.0104,animado,rock,drink tropical,forte,com amigos
We Wait,Other Lives,0.5770000000000001,0.447,0.387,0.654,nostalgico,indie,vinho,media,jantar
Welcome Home,Coheed and Cambria,0.951,0.158,0.442,0.00648,estressado,rock,cerveja,forte,jantar
"Welcome Home, Son",Radical Face,0.537,0.394,0.601,0.743,nostalgico,acustico,vinho,media,com amigos
What I Like About You,The Romantics,0.915,0.92,0.542,0.319,feliz,rock,espumante,forte,com amigos
What Should Have Been,Ron Verboom,0.149,0.0655,0.322,0.994,relaxado,acustico,whisky,leve,em casa
What You Love You Must Love Now,The Six Parts Seven,0.456,0.0682,0.256,0.3670000000000001,triste,indie,whisky,media,jantar
What's Good,Fenne Lily,0.0957,0.259,0.542,0.935,relaxado,acustico,whisky,leve,em casa
When The World Stood Still,Florejan Verschueren,0.0167,0.259,0.461,0.989,relaxado,acustico,whisky,leve,em casa
When They Come,Threading Hair,0.378,0.193,0.501,0.922,relaxado,acustico,whisky,leve,em casa
When You Left,Rouge Haven,0.0853,0.113,0.56,0.984,relaxado,acustico,whisky,leve,em casa
Where Your Mind Wants to Go - RONE Remix,Blonde Redhead,0.848,0.154,0.6509999999999999,0.333,animado,rock,drink tropical,forte,com amigos
While the Rest of the World Sleeps,Josh Kramer,0.0442,0.182,0.423,0.988,relaxado,acustico,whisky,leve,em casa
Whiskey In The Jar,Metallica,0.972,0.532,0.511,5.36e-06,relaxado,rock,whisky,forte,com amigos
White Lies,Stacy Crowne,0.88,0.485,0.336,0.00797,estressado,rock,cerveja,forte,jantar
White Lies - Guy Arthur Remix,The Him,0.8959999999999999,0.506,0.6559999999999999,0.00428,animado,rock,drink tropical,forte,com amigos
White Sparks,Wilson Trouvé,0.0835,0.265,0.574,0.989,relaxado,acustico,whisky,leve,em casa
Whitehaven,Martèn LeGrand,0.18,0.038,0.498,0.983,relaxado,acustico,whisky,leve,em casa
Why Can't We Be Friends?,War,0.7140000000000001,0.962,0.7759999999999999,0.19,feliz,rock,cerveja,forte,festa
Wild Trails,Epi-Soothe,0.233,0.0378,0.213,0.742,relaxado,acustico,whisky,leve,em casa
Wild Wild Son - Club Mix,Armin van Buuren,0.867,0.12,0.526,0.00138,estressado,rock,cerveja,forte,com amigos
Willet,Dust Follows,0.168,0.0376,0.425,0.967,relaxado,acustico,whisky,leve,em casa
Winter Scenery,Wilson Trouvé,0.179,0.562,0.79,0.993,relaxado,acustico,whisky,leve,em casa
Wish I Was Better,Kina,0.304,0.185,0.732,0.747,relaxado,acustico,whisky,leve,em casa
Wish You Were Here - 2011 Remastered Version,Pink Floyd,0.262,0.375,0.481,0.735,relaxado,acustico,whisky,leve,em casa
Wished,Sorry,0.536,0.486,0.445,0.332,relaxado,indie,whisky,media,jantar
Without,The Exies,0.95,0.479,0.523,0.000357,estressado,rock,cerveja,forte,com amigos
Wolkendans,Doeke,0.0355,0.22,0.38,0.996,relaxado,acustico,whisky,leve,em casa
Wonderful Together (feat. Envy Monroe),Blasterjaxx,0.759,0.235,0.591,0.0484,estressado,rock,cerveja,forte,com amigos
Wonderwall,Oasis,0.8440000000000001,0.459,0.412,0.00214,estressado,rock,cerveja,forte,jantar
Woodland Heart,Ghost Of Summer,0.177,0.132,0.516,0.84,relaxado,acustico,whisky,leve,em casa
Words I Heard,Julia Holter,0.347,0.16,0.124,0.228,triste,indie,whisky,leve,em casa
Worlds Collide - Edison Cole Remix,NERVO,0.862,0.438,0.631,0.0149,animado,rock,drink tropical,forte,com amigos
Would You Rather,Phoebe Bridgers,0.363,0.261,0.482,0.936,relaxado,acustico,whisky,leve,em casa
Wrong Way,Sublime,0.6709999999999999,0.955,0.6629999999999999,0.0655,feliz,pop,cerveja,media,com amigos
Yam Yam,No Vacation,0.591,0.0774,0.445,0.319,relaxado,indie,whisky,media,jantar
You Are Safe With Me,Jef Martens,0.039,0.389,0.392,0.99,relaxado,acustico,whisky,leve,em casa
You Can't Rely on My Love,Mordkey,0.775,0.454,0.6859999999999999,0.0534,animado,rock,gin tonica,forte,com amigos
You Get What You Give,New Radicals,0.901,0.7440000000000001,0.621,0.17,feliz,rock,cerveja,forte,com amigos
You Were Bored,Loyal Lobos,0.419,0.0613,0.291,0.7809999999999999,triste,acustico,whisky,media,jantar
"You're Gonna Go Far, Kid",Various Artists,0.877,0.611,0.547,0.00485,relaxado,rock,vinho,forte,com amigos
You're My Best Friend - Remastered 2011,Queen,0.7609999999999999,0.5760000000000001,0.518,0.158,relaxado,rock,whisky,forte,com amigos
Your Turn Now,Aaron Smith,0.193,0.159,0.634,0.8190000000000001,relaxado,acustico,whisky,leve,em casa
Youth,Daughter,0.477,0.488,0.588,0.61,nostalgico,indie,vinho,media,jantar
alpha waves,Eucalyptic,0.314,0.0883,0.561,0.795,relaxado,acustico,whisky,leve,em casa
blue,Kamal.,0.258,0.173,0.725,0.6679999999999999,relaxado,pop,whisky,leve,em casa
coeur noir,Leo Nocta,0.233,0.1639999999999999,0.235,0.926,relaxado,acustico,whisky,leve,em casa
comethru,Jeremy Zucker,0.178,0.608,0.795,0.607,relaxado,pop,vinho,leve,em casa
cry on airplanes,Julian,0.3720000000000001,0.76,0.763,0.5479999999999999,relaxado,pop,vinho,leve,em casa
i don't want to watch the world end with someone else,Clinton Kane,0.359,0.488,0.535,0.7709999999999999,relaxado,acustico,whisky,leve,em casa
lovely (with Khalid),Billie Eilish,0.296,0.12,0.351,0.934,relaxado,acustico,whisky,leve,em casa
mellow,cloudcrush,0.157,0.0698,0.609,0.985,relaxado,acustico,whisky,leve,em casa
no song without you,HONNE,0.462,0.8170000000000001,0.778,0.463,relaxado,pop,vinho,media,jantar
pass you by,Alaina Castillo,0.355,0.453,0.51,0.892,relaxado,acustico,whisky,leve,em casa
the frost,praam,0.259,0.0403,0.259,0.956,relaxado,acustico,whisky,leve,em casa
the theme song,Teodor Wolgers,0.03,0.15,0.604,0.986,relaxado,acustico,whisky,leve,em casa
when the party's over,Billie Eilish,0.111,0.198,0.3670000000000001,0.978,relaxado,acustico,whisky,leve,em casa
windcatcher,Leo Nocta,0.236,0.146,0.402,0.961,relaxado,acustico,whisky,leve,em casa
yellow is the color of her eyes,Soccer Mommy,0.515,0.191,0.452,0.757,relaxado,acustico,whisky,media,jantar
you broke me first,Tate McRae,0.374,0.0799,0.642,0.7859999999999999,relaxado,acustico,whisky,leve,em casa
you were good to me,Jeremy Zucker,0.0848,0.206,0.561,0.913,relaxado,acustico,whisky,leve,em casa
æfre,praam,0.0156,0.0804,0.377,0.994,relaxado,acustico,whisky,leve,em casa
